subject	glasses	distance	target	median_acc_x	median_acc_y
p1	invisible	30	1	-4.135774	-1.473198
p1	invisible	30	2	-2.755699	-2.258393
p1	invisible	30	3	-4.666522	-0.186275
p1	invisible	30	4	-3.560636	-0.689942
p1	invisible	30	5	-3.131159	-0.874322
p1	invisible	200	1	3.661443	-0.029598
p1	invisible	200	2	4.161328	-1.019414
p1	invisible	200	3	5.456652	0.120608
p1	invisible	200	4	4.456606	0.044453
p1	invisible	200	5	3.339474	-0.739789
p1	neon	30	1	0.149664	0.037374
p1	neon	30	2	-1.148078	0.509561
p1	neon	30	3	0.027207	-0.053287
p1	neon	30	4	-0.509599	-0.377116
p1	neon	30	5	0.140326	0.177312
p1	neon	200	1	-1.000113	2.106281
p1	neon	200	2	-1.123382	2.324659
p1	neon	200	3	-0.083816	2.43919
p1	neon	200	4	-1.209313	3.184765
p1	neon	200	5	-0.678399	1.382984
p1	smi	30	1	-0.865715	-1.450354
p1	smi	30	2	-0.704603	-0.264516
p1	smi	30	3	-1.22586	-2.626584
p1	smi	30	4	-2.18901	-0.024882
p1	smi	30	5	0.550403	-3.485993
p1	smi	200	1	-1.334617	2.594013
p1	smi	200	2	-1.418332	3.801933
p1	smi	200	3	-1.193063	1.159681
p1	smi	200	4	-2.48269	4.125931
p1	smi	200	5	0.109339	0.572219
p1	g2	30	1	0.064406	0.878403
p1	g2	30	2	-1.203266	1.606556
p1	g2	30	3	0.456816	1.769342
p1	g2	30	4	0.399631	0.54903
p1	g2	30	5	-0.099199	1.899176
p1	g2	200	1	0.156689	2.042462
p1	g2	200	2	0.127574	2.081511
p1	g2	200	3	-0.199866	2.241485
p1	g2	200	4	0.325627	1.490454
p1	g2	200	5	-0.630918	3.928815
p1	g3	30	1	-0.433846	2.509127
p1	g3	30	2	-0.214005	2.679328
p1	g3	30	3	-0.740219	2.509757
p1	g3	30	4	-0.47883	1.936492
p1	g3	30	5	-0.475853	2.75488
p1	g3	200	1	-0.429482	3.405928
p1	g3	200	2	-0.140903	3.452464
p1	g3	200	3	-0.944933	3.623473
p1	g3	200	4	-0.175199	2.415279
p1	g3	200	5	0.086723	3.716974
p1	vps	30	1	-6.748673	8.400968
p1	vps	30	2	-15.61495	6.466365
p1	vps	30	3	0.967401	6.194911
p1	vps	30	4	-6.418269	13.580451
p1	vps	30	5	-6.381844	3.381175
p1	vps	200	1	-4.363058	2.101505
p1	vps	200	2	-9.893323	2.693518
p1	vps	200	3	0.455659	1.723969
p1	vps	200	4	-3.636984	5.40302
p1	vps	200	5	-2.786943	0.121384
p2	invisible	30	1	-5.703204	-2.044469
p2	invisible	30	2	-4.365319	-1.205176
p2	invisible	30	3	-7.623502	-2.351252
p2	invisible	30	4	-5.687858	-3.402122
p2	invisible	30	5	-7.029523	-0.909565
p2	invisible	200	1	0.227312	-1.136414
p2	invisible	200	2	0.55544	-0.397697
p2	invisible	200	3	0.283792	-1.226372
p2	invisible	200	4	1.451379	-2.236424
p2	invisible	200	5	0.156757	-0.820363
p2	neon	30	1	-1.292819	1.304526
p2	neon	30	2	-1.26418	1.815149
p2	neon	30	3	-0.315407	1.906164
p2	neon	30	4	-1.071747	0.871298
p2	neon	30	5	-1.690722	1.761413
p2	neon	200	1	-1.408494	2.621799
p2	neon	200	2	-2.210172	2.982454
p2	neon	200	3	-0.597669	2.866192
p2	neon	200	4	-1.299312	3.010667
p2	neon	200	5	-1.406479	2.80708
p2	smi	30	1	0.998549	-1.397156
p2	smi	30	2	1.874254	-0.880059
p2	smi	30	3	0.097584	-1.537165
p2	smi	30	4	0.804193	-2.292259
p2	smi	30	5	1.163256	-0.361614
p2	smi	200	1	0.735735	1.288522
p2	smi	200	2	1.082522	1.787239
p2	smi	200	3	0.458736	0.920994
p2	smi	200	4	0.497408	0.742418
p2	smi	200	5	0.936448	1.803295
p2	g2	30	1	-0.518194	1.645136
p2	g2	30	2	-0.024525	1.374742
p2	g2	30	3	-1.304802	1.461995
p2	g2	30	4	-0.247542	-0.301031
p2	g2	30	5	-0.995227	1.706711
p2	g2	200	1	-0.906024	3.113066
p2	g2	200	2	0.301989	1.870543
p2	g2	200	3	-1.360329	2.30766
p2	g2	200	4	-0.351967	1.060059
p2	g2	200	5	-0.679031	2.61136
p2	g3	30	1	-0.55044	2.355013
p2	g3	30	2	-0.618039	2.71353
p2	g3	30	3	-0.928031	2.359318
p2	g3	30	4	-0.586545	1.500841
p2	g3	30	5	-0.439344	2.984753
p2	g3	200	1	0.216865	3.605757
p2	g3	200	2	0.265913	3.837742
p2	g3	200	3	-0.730818	3.345086
p2	g3	200	4	0.140534	2.342668
p2	g3	200	5	0.30045	4.268169
p2	vps	30	1	-1.164835	-0.948841
p2	vps	30	2	0.650761	-1.282923
p2	vps	30	3	-1.225462	-0.063668
p2	vps	30	4	-1.089445	-0.621035
p2	vps	30	5	-0.352184	-0.682716
p2	vps	200	1	-0.236622	1.172162
p2	vps	200	2	-0.804837	0.829094
p2	vps	200	3	-0.147362	0.923105
p2	vps	200	4	-0.852468	2.26925
p2	vps	200	5	-0.445463	1.798088
p3	invisible	30	1	-3.887239	-5.417292
p3	invisible	30	2	-4.340427	-5.997933
p3	invisible	30	3	-3.968177	-5.166148
p3	invisible	30	4	-4.464662	-5.05785
p3	invisible	30	5	-4.443803	-5.448337
p3	invisible	200	1	0.553902	-4.244753
p3	invisible	200	2	1.222327	-4.600293
p3	invisible	200	3	2.06137	-3.980822
p3	invisible	200	4	0.341839	-3.637431
p3	invisible	200	5	1.464207	-4.9061
p3	neon	30	1	0.035966	-4.435791
p3	neon	30	2	0.047077	-4.439112
p3	neon	30	3	-0.161233	-3.938691
p3	neon	30	4	-0.579705	-5.267549
p3	neon	30	5	-0.473775	-3.399061
p3	neon	200	1	-0.327366	-3.547138
p3	neon	200	2	-1.024477	-3.452985
p3	neon	200	3	-0.137599	-3.387207
p3	neon	200	4	-1.055893	-3.722639
p3	neon	200	5	-0.453053	-3.630632
p3	smi	30	1	0.672445	-2.407995
p3	smi	30	2	1.184511	-2.590758
p3	smi	30	3	0.02134	-2.275878
p3	smi	30	4	0.949407	-2.828001
p3	smi	30	5	0.082479	-2.424849
p3	smi	200	1	-0.247182	-0.213022
p3	smi	200	2	0.112185	-0.235796
p3	smi	200	3	-0.431672	0.048633
p3	smi	200	4	0.199456	-0.462373
p3	smi	200	5	-0.499355	-0.257238
p3	g2	30	1	-0.08697	2.010455
p3	g2	30	2	-0.803232	1.612196
p3	g2	30	3	-0.669928	1.611521
p3	g2	30	4	0.135545	-0.44142
p3	g2	30	5	-0.897295	2.636994
p3	g2	200	1	-0.800458	2.8725
p3	g2	200	2	-0.581307	3.37883
p3	g2	200	3	-0.75335	3.379253
p3	g2	200	4	-0.710495	1.440424
p3	g2	200	5	0.508458	3.008858
p3	g3	30	1	-0.592038	0.562963
p3	g3	30	2	-0.329815	0.840977
p3	g3	30	3	-0.492001	0.476362
p3	g3	30	4	-0.547026	0.202
p3	g3	30	5	-0.555971	1.209817
p3	g3	200	1	-0.217269	1.428003
p3	g3	200	2	0.032666	1.357491
p3	g3	200	3	-0.970773	0.973969
p3	g3	200	4	-0.50812	0.307588
p3	g3	200	5	0.060229	1.580689
p3	vps	30	1	1.670498	4.211967
p3	vps	30	2	-4.613918	3.659472
p3	vps	30	3	8.753629	5.592378
p3	vps	30	4	1.256153	7.286611
p3	vps	30	5	-0.584527	2.88374
p3	vps	200	1	0.641959	3.625254
p3	vps	200	2	-4.905925	1.47406
p3	vps	200	3	6.051835	4.268026
p3	vps	200	4	-0.281661	4.448163
p3	vps	200	5	-0.357912	2.957349
p4	invisible	30	1	-6.977301	-3.797072
p4	invisible	30	2	-5.648521	-2.733769
p4	invisible	30	3	-7.168125	-3.856507
p4	invisible	30	4	-6.374871	-4.694316
p4	invisible	30	5	-6.935778	-4.327488
p4	invisible	200	1	1.969744	-2.570812
p4	invisible	200	2	2.914521	-1.397082
p4	invisible	200	3	2.212368	-2.391127
p4	invisible	200	4	1.666691	-2.567327
p4	invisible	200	5	2.286527	-2.411111
p4	neon	30	1	-0.176285	-2.487756
p4	neon	30	2	-0.231647	-3.186717
p4	neon	30	3	-0.404736	-2.489567
p4	neon	30	4	-0.650573	-2.960875
p4	neon	30	5	-0.384063	-2.760825
p4	neon	200	1	-1.154176	0.275952
p4	neon	200	2	-0.857211	-0.287
p4	neon	200	3	0.042193	0.702819
p4	neon	200	4	-0.782181	0.441329
p4	neon	200	5	-0.997306	0.464471
p4	smi	30	1	0.659129	-4.438209
p4	smi	30	2	1.609946	-4.246335
p4	smi	30	3	-0.338825	-4.486077
p4	smi	30	4	0.475194	-4.798445
p4	smi	30	5	0.721497	-3.71717
p4	smi	200	1	0.205728	-1.120773
p4	smi	200	2	0.414117	-0.967445
p4	smi	200	3	0.130259	-1.152516
p4	smi	200	4	0.114007	-1.061512
p4	smi	200	5	0.455327	-1.358763
p4	g2	30	1	-0.501233	0.382396
p4	g2	30	2	-1.389177	0.215418
p4	g2	30	3	0.646675	1.249597
p4	g2	30	4	-0.095981	0.581464
p4	g2	30	5	-0.874504	1.213637
p4	g2	200	1	-0.806595	1.534378
p4	g2	200	2	-1.060803	1.794769
p4	g2	200	3	-0.484725	2.016461
p4	g2	200	4	-0.452546	1.114959
p4	g2	200	5	-0.776006	2.49653
p4	g3	30	1	-1.449891	-2.063867
p4	g3	30	2	-2.386417	-2.27363
p4	g3	30	3	-0.024734	-1.048484
p4	g3	30	4	-1.130127	-2.025269
p4	g3	30	5	-1.670836	-2.78199
p4	g3	200	1	-0.454212	-0.07197
p4	g3	200	2	-0.999713	-0.72014
p4	g3	200	3	-0.331336	0.012697
p4	g3	200	4	-0.441211	-0.108048
p4	g3	200	5	-0.38317	-1.755681
p4	vps	30	1	-4.613502	-5.819319
p4	vps	30	2	-8.777062	-7.269264
p4	vps	30	3	-2.339881	-6.10957
p4	vps	30	4	-6.81891	-5.314098
p4	vps	30	5	-6.238884	-5.390309
p4	vps	200	1	-6.815721	-0.51434
p4	vps	200	2	-9.9702	-4.598356
p4	vps	200	3	-1.936952	-2.928901
p4	vps	200	4	-6.797357	1.966922
p4	vps	200	5	-5.880366	-1.490802
p5	invisible	30	1	-9.027695	0.433321
p5	invisible	30	2	-9.087295	0.429288
p5	invisible	30	3	-9.010949	0.271477
p5	invisible	30	4	-9.058212	0.982157
p5	invisible	30	5	-11.027489	0.430328
p5	invisible	200	1	-1.956713	1.804329
p5	invisible	200	2	-2.200259	2.184234
p5	invisible	200	3	-0.736356	1.759464
p5	invisible	200	4	-1.573516	2.126143
p5	invisible	200	5	-2.08212	0.990637
p5	neon	30	1	-1.180655	-0.450627
p5	neon	30	2	0.149223	0.420389
p5	neon	30	3	-2.185494	0.019195
p5	neon	30	4	-1.400749	-0.320052
p5	neon	30	5	-1.163137	0.530415
p5	neon	200	1	-1.243268	0.855829
p5	neon	200	2	-0.699324	1.842268
p5	neon	200	3	-1.694237	2.951582
p5	neon	200	4	-1.755589	1.415915
p5	neon	200	5	-1.078277	1.896612
p5	smi	30	1	0.119904	-5.14015
p5	smi	30	2	0.69804	-5.060207
p5	smi	30	3	-0.477387	-5.068005
p5	smi	30	4	0.136404	-5.103207
p5	smi	30	5	0.065344	-5.199413
p5	smi	200	1	-0.235997	-2.512658
p5	smi	200	2	-0.227536	-2.713711
p5	smi	200	3	-0.249871	-2.453371
p5	smi	200	4	-0.143666	-2.139799
p5	smi	200	5	-0.270714	-3.228862
p5	g2	30	1	0.109243	2.057867
p5	g2	30	2	0.025943	1.438904
p5	g2	30	3	1.068093	1.869992
p5	g2	30	4	0.859085	0.669337
p5	g2	30	5	-0.290116	0.590249
p5	g2	200	1	0.303423	2.590566
p5	g2	200	2	0.82069	2.412603
p5	g2	200	3	0.007518	1.93045
p5	g2	200	4	0.629009	1.196814
p5	g2	200	5	0.612371	2.202363
p5	g3	30	1	-0.432333	-0.711961
p5	g3	30	2	0.093485	-0.973496
p5	g3	30	3	-0.380909	-0.886623
p5	g3	30	4	-0.328651	-0.937492
p5	g3	30	5	-0.256711	-1.096986
p5	g3	200	1	-0.279774	1.017078
p5	g3	200	2	0.091691	0.749229
p5	g3	200	3	-0.617404	1.053728
p5	g3	200	4	-0.226863	0.919301
p5	g3	200	5	-0.330846	1.375031
p5	vps	30	1	-8.313959	2.785402
p5	vps	30	2	-15.077463	2.968325
p5	vps	30	3	-4.081471	2.172336
p5	vps	30	4	-7.851382	4.678148
p5	vps	30	5	-8.137371	3.53396
p5	vps	200	1	-2.342803	1.351256
p5	vps	200	2	-6.085584	0.699531
p5	vps	200	3	-1.20215	0.928819
p5	vps	200	4	-1.277348	0.925312
p5	vps	200	5	-0.934878	0.823129
p6	invisible	30	1	-6.38176	-1.441128
p6	invisible	30	2	-6.069154	-0.704752
p6	invisible	30	3	-6.064623	-1.614793
p6	invisible	30	4	-5.879906	-2.563811
p6	invisible	30	5	-5.554917	-1.155836
p6	invisible	200	1	0.675745	-2.092051
p6	invisible	200	2	0.780384	-1.179451
p6	invisible	200	3	1.341525	-1.910611
p6	invisible	200	4	0.815719	-2.05244
p6	invisible	200	5	0.554581	-1.747403
p6	neon	30	1	-0.206282	-2.836804
p6	neon	30	2	0.574321	-2.988283
p6	neon	30	3	-1.691633	-1.909396
p6	neon	30	4	0.055634	-3.77416
p6	neon	30	5	-0.444406	-1.719511
p6	neon	200	1	-0.962901	-0.710799
p6	neon	200	2	-0.551666	-0.953849
p6	neon	200	3	-0.47594	0.109982
p6	neon	200	4	-0.748703	-0.829859
p6	neon	200	5	-1.109057	-0.389916
p6	smi	30	1	-3.002641	1.953457
p6	smi	30	2	-0.479184	1.797544
p6	smi	30	3	-4.889528	1.71423
p6	smi	30	4	-0.744963	0.715562
p6	smi	30	5	-4.137828	2.777459
p6	smi	200	1	-1.971412	4.57333
p6	smi	200	2	0.044057	4.669311
p6	smi	200	3	-2.799777	4.826493
p6	smi	200	4	0.219735	3.469707
p6	smi	200	5	-3.962949	4.929895
p6	g2	30	1	0.073499	-0.379614
p6	g2	30	2	0.294923	-0.171045
p6	g2	30	3	0.28879	-0.710845
p6	g2	30	4	0.566617	0.118282
p6	g2	30	5	0.052908	0.101816
p6	g2	200	1	-0.077744	0.420982
p6	g2	200	2	0.507246	0.090305
p6	g2	200	3	0.250605	0.333043
p6	g2	200	4	0.775188	-0.091194
p6	g2	200	5	0.172057	0.753081
p6	g3	30	1	0.25675	-2.599011
p6	g3	30	2	0.475249	-2.402077
p6	g3	30	3	0.457159	-3.059284
p6	g3	30	4	0.272438	-2.109776
p6	g3	30	5	0.663168	-2.474506
p6	g3	200	1	0.29987	-1.507733
p6	g3	200	2	-0.171485	-1.592044
p6	g3	200	3	0.235373	-1.125067
p6	g3	200	4	0.181387	-0.276956
p6	g3	200	5	0.413787	-2.068606
p6	vps	30	1	-2.816941	-5.576706
p6	vps	30	2	-0.770123	-5.702771
p6	vps	30	3	-4.739333	-5.936737
p6	vps	30	4	-3.621355	-8.288592
p6	vps	30	5	-2.360305	-3.57851
p6	vps	200	1	-1.863023	-3.409842
p6	vps	200	2	-1.27738	-2.967397
p6	vps	200	3	-3.001799	-3.616931
p6	vps	200	4	-2.162352	-4.557871
p6	vps	200	5	-1.817868	-1.453471
p7	invisible	30	1	-4.499474	-0.171882
p7	invisible	30	2	-5.026608	0.345609
p7	invisible	30	3	-4.134747	-0.056136
p7	invisible	30	4	-4.185138	0.418374
p7	invisible	30	5	-5.328967	-0.541096
p7	invisible	200	1	1.276136	-0.36227
p7	invisible	200	2	0.116336	0.290824
p7	invisible	200	3	2.020169	-0.484997
p7	invisible	200	4	1.847589	0.517805
p7	invisible	200	5	0.950094	-0.60187
p7	neon	30	1	-0.482466	-1.313237
p7	neon	30	2	-0.875581	-1.690133
p7	neon	30	3	0.112107	-1.564664
p7	neon	30	4	-0.548944	-1.165538
p7	neon	30	5	-0.353091	-1.92591
p7	neon	200	1	-0.038378	-0.188797
p7	neon	200	2	-0.331278	-1.051857
p7	neon	200	3	0.089473	-0.934953
p7	neon	200	4	0.40486	0.197814
p7	neon	200	5	-0.658783	-1.374977
p7	smi	30	1	-1.53396	-2.812335
p7	smi	30	2	-0.907702	-2.616118
p7	smi	30	3	-2.181465	-2.716092
p7	smi	30	4	-1.946316	-2.37519
p7	smi	30	5	-1.076767	-3.622691
p7	smi	200	1	-2.096387	-0.177538
p7	smi	200	2	-1.550916	-0.197144
p7	smi	200	3	-2.595543	-0.055415
p7	smi	200	4	-2.430574	-0.182689
p7	smi	200	5	-1.610211	-1.456311
p7	g2	30	1	-0.589401	0.703158
p7	g2	30	2	-0.693773	1.462608
p7	g2	30	3	-0.262063	0.081914
p7	g2	30	4	-0.882491	1.324636
p7	g2	30	5	0.72289	-0.860282
p7	g2	200	1	-0.14538	1.250077
p7	g2	200	2	-1.863893	1.466792
p7	g2	200	3	-0.414685	1.191611
p7	g2	200	4	-0.303954	1.060275
p7	g2	200	5	-0.179245	1.700136
p7	g3	30	1	-0.521204	-1.230961
p7	g3	30	2	-0.66523	-0.66582
p7	g3	30	3	-0.514693	-0.787962
p7	g3	30	4	-0.516802	-1.34503
p7	g3	30	5	-0.512077	-0.75784
p7	g3	200	1	-0.406324	-0.137395
p7	g3	200	2	-0.297164	-0.134498
p7	g3	200	3	-0.586271	-0.46886
p7	g3	200	4	-0.325558	-0.207339
p7	g3	200	5	-0.369005	0.660109
p7	vps	30	1	-1.913621	-3.156008
p7	vps	30	2	-1.431824	-3.502151
p7	vps	30	3	-2.784876	-4.170887
p7	vps	30	4	-2.745532	-5.163211
p7	vps	30	5	-2.379018	-2.680218
p7	vps	200	1	-2.454335	-3.686958
p7	vps	200	2	-2.56028	-2.275364
p7	vps	200	3	-2.736872	-3.257049
p7	vps	200	4	-2.748785	-5.046676
p7	vps	200	5	-2.467295	-3.340499
p8	invisible	30	1	-3.609101	-2.000253
p8	invisible	30	2	-3.755494	-2.162523
p8	invisible	30	3	-4.62093	-2.580692
p8	invisible	30	4	-3.640516	-2.099484
p8	invisible	30	5	-3.97663	-1.792723
p8	invisible	200	1	3.324334	-1.728028
p8	invisible	200	2	2.764284	-1.14481
p8	invisible	200	3	3.583504	-1.438982
p8	invisible	200	4	4.259054	0.801084
p8	invisible	200	5	2.983889	-0.807099
p8	neon	30	1	-0.61704	-1.2566
p8	neon	30	2	-0.338868	-0.785557
p8	neon	30	3	-0.82371	-0.648003
p8	neon	30	4	-0.150985	-1.674682
p8	neon	30	5	-1.302255	-0.363544
p8	neon	200	1	-0.744339	1.678611
p8	neon	200	2	-1.390276	0.511053
p8	neon	200	3	-0.793257	0.596944
p8	neon	200	4	-1.417452	0.734287
p8	neon	200	5	-0.762962	2.616192
p8	smi	30	1	-0.051972	-1.270146
p8	smi	30	2	1.229915	-1.318306
p8	smi	30	3	-1.133698	-1.187098
p8	smi	30	4	-0.023209	-2.942691
p8	smi	30	5	-0.176855	-0.669204
p8	smi	200	1	-0.410026	1.709546
p8	smi	200	2	-0.045211	1.566401
p8	smi	200	3	-0.846702	1.890739
p8	smi	200	4	-0.396941	1.236144
p8	smi	200	5	-0.392355	1.495768
p8	g2	30	1	-1.481828	1.359195
p8	g2	30	2	-2.145653	0.850626
p8	g2	30	3	-0.713467	0.38761
p8	g2	30	4	-1.390232	1.324996
p8	g2	30	5	0.357331	-1.435839
p8	g2	200	1	-1.076673	1.241342
p8	g2	200	2	-0.485058	1.756802
p8	g2	200	3	-0.767919	0.337563
p8	g2	200	4	-1.022318	1.472298
p8	g2	200	5	-1.528735	0.720356
p8	g3	30	1	-0.958356	-1.553363
p8	g3	30	2	-0.619136	-1.292284
p8	g3	30	3	-0.81109	-1.709359
p8	g3	30	4	-0.974099	-2.462477
p8	g3	30	5	-0.271551	-0.663996
p8	g3	200	1	-0.555744	-0.540425
p8	g3	200	2	-0.416283	-0.315467
p8	g3	200	3	-0.599575	-0.988643
p8	g3	200	4	-0.896565	-1.607191
p8	g3	200	5	-0.121679	-0.424946
p8	vps	30	1	-1.729516	-4.898014
p8	vps	30	2	-1.625094	-4.903497
p8	vps	30	3	0.516216	-5.775505
p8	vps	30	4	-0.979805	-4.143167
p8	vps	30	5	-0.384275	-6.154268
p8	vps	200	1	0.440703	-2.840131
p8	vps	200	2	0.538154	-3.34422
p8	vps	200	3	0.400376	-3.071005
p8	vps	200	4	-0.12612	-1.83705
p8	vps	200	5	0.238225	-2.773377
p9	invisible	30	1	-7.918468	-0.90705
p9	invisible	30	2	-6.759381	-0.909041
p9	invisible	30	3	-8.384401	-1.369752
p9	invisible	30	4	-7.65406	-2.654869
p9	invisible	30	5	-7.73451	0.228461
p9	invisible	200	1	-0.209138	0.210042
p9	invisible	200	2	-1.406844	0.414566
p9	invisible	200	3	-0.707168	-0.871303
p9	invisible	200	4	-0.676887	-2.069254
p9	invisible	200	5	-0.942104	0.673342
p9	neon	30	1	-0.329665	2.835161
p9	neon	30	2	0.279444	2.795662
p9	neon	30	3	-0.845369	2.864834
p9	neon	30	4	0.045795	1.944057
p9	neon	30	5	-0.681324	2.217319
p9	neon	200	1	-0.333279	2.908738
p9	neon	200	2	-0.501141	2.729789
p9	neon	200	3	-0.13315	3.714019
p9	neon	200	4	0.060771	3.234242
p9	neon	200	5	-0.077364	3.5668
p9	smi	30	1	0.383351	3.517521
p9	smi	30	2	1.259887	3.7603
p9	smi	30	3	-0.339797	3.389259
p9	smi	30	4	0.115677	2.089544
p9	smi	30	5	0.648882	4.407371
p9	smi	200	1	-0.090202	4.458897
p9	smi	200	2	0.466269	5.118019
p9	smi	200	3	-0.645325	5.052575
p9	smi	200	4	-0.393677	3.794639
p9	smi	200	5	0.301263	6.141398
p9	g2	30	1	-0.250587	-1.218574
p9	g2	30	2	-1.411235	0.714163
p9	g2	30	3	0.577295	-0.941776
p9	g2	30	4	0.00765	-0.140721
p9	g2	30	5	-0.523601	-0.978294
p9	g2	200	1	-0.136668	-1.150795
p9	g2	200	2	-0.35279	-0.632616
p9	g2	200	3	-0.136935	-0.366586
p9	g2	200	4	0.103747	-0.079336
p9	g2	200	5	-0.93922	0.328859
p9	g3	30	1	0.275798	0.728339
p9	g3	30	2	0.606675	0.75226
p9	g3	30	3	-0.485162	0.604331
p9	g3	30	4	-0.015949	0.281971
p9	g3	30	5	0.210853	1.20166
p9	g3	200	1	0.100441	0.616315
p9	g3	200	2	0.516055	0.881103
p9	g3	200	3	-0.1438	0.284262
p9	g3	200	4	0.032029	0.053548
p9	g3	200	5	0.13052	1.155518
p9	vps	30	1	2.25235	0.871135
p9	vps	30	2	2.992798	1.480276
p9	vps	30	3	0.124622	2.570235
p9	vps	30	4	1.594037	1.970512
p9	vps	30	5	3.76102	3.651995
p9	vps	200	1	1.902858	2.575671
p9	vps	200	2	1.950792	1.328072
p9	vps	200	3	0.886659	1.761323
p9	vps	200	4	1.859465	-0.049211
p9	vps	200	5	1.46651	2.490867
p10	invisible	30	1	-12.038843	-3.138688
p10	invisible	30	2	-10.214505	-1.727545
p10	invisible	30	3	-13.265295	-2.080759
p10	invisible	30	4	-11.10994	-3.361007
p10	invisible	30	5	-11.991396	-1.677783
p10	invisible	200	1	-3.461808	0.308489
p10	invisible	200	2	-3.656514	0.068078
p10	invisible	200	3	-4.004831	-0.677366
p10	invisible	200	4	-2.952801	-0.373273
p10	invisible	200	5	-3.806582	-0.396111
p10	neon	30	1	-1.266662	-1.447093
p10	neon	30	2	-0.600382	-2.186765
p10	neon	30	3	-2.080846	-1.992241
p10	neon	30	4	-0.9603	-1.869593
p10	neon	30	5	-0.890478	-2.78451
p10	neon	200	1	-1.315628	0.437011
p10	neon	200	2	-0.629339	0.695095
p10	neon	200	3	-1.540524	0.61339
p10	neon	200	4	-1.2949	0.710397
p10	neon	200	5	-0.955597	-0.947204
p10	smi	30	1	0.88083	-9.213026
p10	smi	30	2	0.638931	-8.995988
p10	smi	30	3	1.302472	-9.333497
p10	smi	30	4	1.335701	-8.156607
p10	smi	30	5	0.660451	-10.648846
p10	smi	200	1	-0.277274	-6.234064
p10	smi	200	2	-0.939868	-6.295929
p10	smi	200	3	0.380853	-6.222034
p10	smi	200	4	0.135255	-4.740186
p10	smi	200	5	-0.744255	-7.836909
p10	g2	30	1	-0.62964	2.210722
p10	g2	30	2	-0.829012	2.230893
p10	g2	30	3	-0.351475	2.423464
p10	g2	30	4	-0.686533	2.688415
p10	g2	30	5	-1.485818	2.694462
p10	g2	200	1	-0.52234	3.13194
p10	g2	200	2	-0.253342	2.82506
p10	g2	200	3	-0.470163	2.730018
p10	g2	200	4	0.934565	0.965502
p10	g2	200	5	-0.836631	3.197115
p10	g3	30	1	-0.638623	-0.367099
p10	g3	30	2	-0.660411	-0.641122
p10	g3	30	3	-0.228135	-0.686966
p10	g3	30	4	-0.527106	-0.323515
p10	g3	30	5	-0.501521	-0.206519
p10	g3	200	1	-0.434039	1.103871
p10	g3	200	2	-0.280948	1.40097
p10	g3	200	3	-0.367986	1.21826
p10	g3	200	4	-0.458885	0.713077
p10	g3	200	5	-0.337349	1.36845
p10	vps	30	1	0.127181	1.477943
p10	vps	30	2	-1.22063	2.19232
p10	vps	30	3	0.15262	1.889684
p10	vps	30	4	0.364863	1.566462
p10	vps	30	5	-2.190417	1.922768
p10	vps	200	1	1.340208	1.484396
p10	vps	200	2	-0.645457	1.555259
p10	vps	200	3	-0.137753	1.724859
p10	vps	200	4	0.577053	0.912025
p10	vps	200	5	-0.405331	1.19034
p11	invisible	30	1	-7.285213	4.067054
p11	invisible	30	2	-7.313488	4.152284
p11	invisible	30	3	-7.596754	2.868528
p11	invisible	30	4	-6.638211	3.64433
p11	invisible	30	5	-7.823358	4.401737
p11	invisible	200	1	1.985527	2.808583
p11	invisible	200	2	1.184706	3.711693
p11	invisible	200	3	4.000541	3.14555
p11	invisible	200	4	1.71705	4.000778
p11	invisible	200	5	2.014998	2.602907
p11	neon	30	1	0.259795	2.041116
p11	neon	30	2	0.80037	1.244992
p11	neon	30	3	0.407572	2.473829
p11	neon	30	4	0.74263	1.265326
p11	neon	30	5	0.738896	2.544863
p11	neon	200	1	1.183982	2.643129
p11	neon	200	2	1.17596	2.555037
p11	neon	200	3	0.875798	3.236991
p11	neon	200	4	1.507364	4.204654
p11	neon	200	5	0.686276	3.245258
p11	smi	30	1	-3.595814	-1.170457
p11	smi	30	2	-3.106574	-1.372226
p11	smi	30	3	-4.25105	-0.284274
p11	smi	30	4	-3.354861	-1.536537
p11	smi	30	5	-3.904988	-0.777788
p11	smi	200	1	-3.659255	0.889837
p11	smi	200	2	-3.492102	0.451956
p11	smi	200	3	-4.355589	1.333812
p11	smi	200	4	-3.355202	0.35714
p11	smi	200	5	-3.904098	1.272542
p11	g2	30	1	0.871541	0.598082
p11	g2	30	2	0.657183	0.134705
p11	g2	30	3	0.630182	1.402631
p11	g2	30	4	1.010467	0.477687
p11	g2	30	5	0.525417	1.5574
p11	g2	200	1	0.160689	2.144708
p11	g2	200	2	0.87794	1.53467
p11	g2	200	3	-0.124626	1.918924
p11	g2	200	4	1.175742	0.05025
p11	g2	200	5	0.265005	3.232627
p11	g3	30	1	-0.040076	-1.079957
p11	g3	30	2	0.99876	-1.204176
p11	g3	30	3	0.122509	-0.974934
p11	g3	30	4	0.288341	-2.072515
p11	g3	30	5	0.578076	-0.915901
p11	g3	200	1	0.571554	-0.746109
p11	g3	200	2	1.010587	-0.592648
p11	g3	200	3	0.001481	-0.602263
p11	g3	200	4	0.501856	-1.221002
p11	g3	200	5	0.342058	-0.248435
p11	vps	30	1	2.59803	4.240881
p11	vps	30	2	-0.042767	2.746564
p11	vps	30	3	5.592412	1.315137
p11	vps	30	4	3.965886	5.343161
p11	vps	30	5	2.543571	-0.277061
p11	vps	200	1	-0.735066	2.753529
p11	vps	200	2	-1.138803	1.943435
p11	vps	200	3	3.152054	1.976134
p11	vps	200	4	-0.317271	1.290096
p11	vps	200	5	1.216879	0.989632
p12	invisible	30	1	-6.861144	-1.493657
p12	invisible	30	2	-6.42648	-2.698387
p12	invisible	30	3	-7.236297	-0.771534
p12	invisible	30	4	-5.658745	-1.418716
p12	invisible	30	5	-7.077015	-1.955385
p12	invisible	200	1	-0.746497	-2.486018
p12	invisible	200	2	-1.41351	-1.773098
p12	invisible	200	3	-0.005714	-2.17097
p12	invisible	200	4	0.326675	-2.513331
p12	invisible	200	5	-1.004744	-3.38333
p12	neon	30	1	1.163499	-0.794073
p12	neon	30	2	0.113343	-2.000507
p12	neon	30	3	1.62466	-0.868351
p12	neon	30	4	1.019795	-0.545002
p12	neon	30	5	1.01263	-0.835348
p12	neon	200	1	0.440964	-0.58988
p12	neon	200	2	-0.223901	0.673959
p12	neon	200	3	0.789049	0.289967
p12	neon	200	4	0.392422	0.679819
p12	neon	200	5	-0.220972	-0.133322
p12	smi	30	1	0.15315	-4.39843
p12	smi	30	2	-0.10735	-4.463869
p12	smi	30	3	0.281815	-4.408233
p12	smi	30	4	0.883664	-2.94082
p12	smi	30	5	-0.731882	-5.478086
p12	smi	200	1	0.299116	-0.541854
p12	smi	200	2	-0.514974	-1.284271
p12	smi	200	3	0.831882	-0.377258
p12	smi	200	4	0.900443	0.428856
p12	smi	200	5	-0.706838	-3.033616
p12	g2	30	1	-2.421034	1.205841
p12	g2	30	2	-4.545067	-0.667943
p12	g2	30	3	-2.690511	-2.247694
p12	g2	30	4	-4.601349	0.28571
p12	g2	30	5	-1.149718	4.205161
p12	g2	200	1	-8.960846	2.882332
p12	g2	200	2	-9.757767	3.234165
p12	g2	200	3	-8.875146	2.826594
p12	g2	200	4	-9.188534	5.111378
p12	g2	200	5	-8.797955	3.233292
p12	g3	30	1	-0.374182	6.150693
p12	g3	30	2	-0.050473	5.944396
p12	g3	30	3	-0.634158	5.209668
p12	g3	30	4	-0.510661	4.587051
p12	g3	30	5	0.109374	5.15092
p12	g3	200	1	-0.356209	7.014346
p12	g3	200	2	-0.206183	6.423997
p12	g3	200	3	-0.546622	5.83688
p12	g3	200	4	-0.622461	5.989623
p12	g3	200	5	0.115697	6.47606
p12	vps	30	1	2.485399	5.27233
p12	vps	30	2	1.308117	5.032545
p12	vps	30	3	2.169193	6.470936
p12	vps	30	4	1.81103	4.587444
p12	vps	30	5	2.214048	5.524633
p12	vps	200	1	0.707628	2.678472
p12	vps	200	2	0.355061	3.283252
p12	vps	200	3	1.027331	3.548235
p12	vps	200	4	1.074836	2.677939
p12	vps	200	5	0.096118	3.189855
